"_raw","_time",host,index,linecount,source,sourcetype,"splunk_server","tag::host"
"2018-01-23T04:14:11.278486-05:00 lfs-mgmt2.ccs.ornl.gov fprof.fsize_perc.hist: Bin_LE_4.00_KiB = 0.00044847271064, Bin_LE_8.00_KiB = 0.000832985669946, Bin_LE_16.00_KiB = 0.00278546977598, Bin_LE_32.00_KiB = 0.00428145162836, Bin_LE_64.00_KiB = 0.00555698575612, Bin_LE_128.00_KiB = 0.00640482962, Bin_LE_256.00_KiB = 0.0485755564521, Bin_LE_512.00_KiB = 0.0434018542041, Bin_LE_1.00_MiB = 0.207164528093, Bin_LE_2.00_MiB = 0.354087690469, Bin_LE_4.00_MiB = 1.83753977076, Bin_LE_16.00_MiB = 4.4134338108, Bin_LE_32.00_MiB = 1.86759851287, Bin_LE_64.00_MiB = 6.62749201754, Bin_LE_128.00_MiB = 21.243558316, Bin_LE_256.00_MiB = 2.48593494198, Bin_LE_512.00_MiB = 2.77613668952, Bin_LE_1.00_GiB = 4.3995824812, Bin_LE_4.00_GiB = 12.6831318915, Bin_LE_64.00_GiB = 25.9703485509, Bin_LE_128.00_GiB = 1.89809566567, Bin_LE_256.00_GiB = 2.64576768113, Bin_LE_512.00_GiB = 3.49559236227, Bin_LE_1.00_TiB = 3.97745695539, Bin_LE_4.00_TiB = 1.75427978234, Bin_GT_4.00_TiB = 1.25051074574","2018-01-23T04:14:11.278-0500","lfs-mgmt2.ccs.ornl.gov",main,1,"/data/log/splunk/default.log",syslog,"splunkindex01.ccs.ornl.gov",
"2018-01-23T04:14:11.277953-05:00 lfs-mgmt2.ccs.ornl.gov fprof.filecount.hist: Bin_LE_4.00_KiB = 45345344, Bin_LE_8.00_KiB = 13439570, Bin_LE_16.00_KiB = 21094063, Bin_LE_32.00_KiB = 16626430, Bin_LE_64.00_KiB = 10843263, Bin_LE_128.00_KiB = 6271592, Bin_LE_256.00_KiB = 24950439, Bin_LE_512.00_KiB = 10762725, Bin_LE_1.00_MiB = 25941044, Bin_LE_2.00_MiB = 22504062, Bin_LE_4.00_MiB = 48991719, Bin_LE_16.00_MiB = 44589763, Bin_LE_32.00_MiB = 6612308, Bin_LE_64.00_MiB = 12861294, Bin_LE_128.00_MiB = 18876571, Bin_LE_256.00_MiB = 1184501, Bin_LE_512.00_MiB = 688465, Bin_LE_1.00_GiB = 550148, Bin_LE_4.00_GiB = 657513, Bin_LE_64.00_GiB = 220804, Bin_LE_128.00_GiB = 1893, Bin_LE_256.00_GiB = 1268, Bin_LE_512.00_GiB = 762, Bin_LE_1.00_TiB = 460, Bin_LE_4.00_TiB = 86, Bin_GT_4.00_TiB = 12","2018-01-23T04:14:11.277-0500","lfs-mgmt2.ccs.ornl.gov",main,1,"/data/log/splunk/default.log",syslog,"splunkindex01.ccs.ornl.gov",
"2018-01-23T04:14:11.271607-05:00 lfs-mgmt2.ccs.ornl.gov fprof.scan_rate: 6679","2018-01-23T04:14:11.271-0500","lfs-mgmt2.ccs.ornl.gov",main,1,"/data/log/splunk/default.log",syslog,"splunkindex01.ccs.ornl.gov",
"2018-01-23T04:14:11.271486-05:00 lfs-mgmt2.ccs.ornl.gov fprof.walktime: 16h 35m","2018-01-23T04:14:11.271-0500","lfs-mgmt2.ccs.ornl.gov",main,1,"/data/log/splunk/default.log",syslog,"splunkindex01.ccs.ornl.gov",
"2018-01-23T04:14:11.271341-05:00 lfs-mgmt2.ccs.ornl.gov fprof.avg_file_size: 26.49 MiB","2018-01-23T04:14:11.271-0500","lfs-mgmt2.ccs.ornl.gov",main,1,"/data/log/splunk/default.log",syslog,"splunkindex01.ccs.ornl.gov",
"2018-01-23T04:14:11.271227-05:00 lfs-mgmt2.ccs.ornl.gov fprof.total_file_size: 8412.03 TiB","2018-01-23T04:14:11.271-0500","lfs-mgmt2.ccs.ornl.gov",main,1,"/data/log/splunk/default.log",syslog,"splunkindex01.ccs.ornl.gov",
"2018-01-23T04:14:11.271115-05:00 lfs-mgmt2.ccs.ornl.gov fprof.file_count: 333016099","2018-01-23T04:14:11.271-0500","lfs-mgmt2.ccs.ornl.gov",main,1,"/data/log/splunk/default.log",syslog,"splunkindex01.ccs.ornl.gov",
"2018-01-23T04:14:11.271005-05:00 lfs-mgmt2.ccs.ornl.gov fprof.sym_count: 10362075","2018-01-23T04:14:11.271-0500","lfs-mgmt2.ccs.ornl.gov",main,1,"/data/log/splunk/default.log",syslog,"splunkindex01.ccs.ornl.gov",
"2018-01-23T04:14:11.270889-05:00 lfs-mgmt2.ccs.ornl.gov fprof.dir_count: 55521691","2018-01-23T04:14:11.270-0500","lfs-mgmt2.ccs.ornl.gov",main,1,"/data/log/splunk/default.log",syslog,"splunkindex01.ccs.ornl.gov",
"2018-01-23T04:14:11.270751-05:00 lfs-mgmt2.ccs.ornl.gov fprof.version: 0.16","2018-01-23T04:14:11.270-0500","lfs-mgmt2.ccs.ornl.gov",main,1,"/data/log/splunk/default.log",syslog,"splunkindex01.ccs.ornl.gov",
"2018-01-23T04:14:11.270562-05:00 lfs-mgmt2.ccs.ornl.gov fprof.rootpath: /lustre/atlas1","2018-01-23T04:14:11.270-0500","lfs-mgmt2.ccs.ornl.gov",main,1,"/data/log/splunk/default.log",syslog,"splunkindex01.ccs.ornl.gov",
"2018-01-23T00:45:39.310352-05:00 lfs-mgmt2.ccs.ornl.gov fprof.fsize_perc.hist: Bin_LE_4.00_KiB = 0.00106383364442, Bin_LE_8.00_KiB = 0.00102453760748, Bin_LE_16.00_KiB = 0.00175666748794, Bin_LE_32.00_KiB = 0.00340744966311, Bin_LE_64.00_KiB = 0.00984158815081, Bin_LE_128.00_KiB = 0.00910771240143, Bin_LE_256.00_KiB = 0.0492339089476, Bin_LE_512.00_KiB = 0.0332143562093, Bin_LE_1.00_MiB = 0.306828830655, Bin_LE_2.00_MiB = 0.158375236527, Bin_LE_4.00_MiB = 0.406011746589, Bin_LE_16.00_MiB = 0.96270800126, Bin_LE_32.00_MiB = 0.680739928366, Bin_LE_64.00_MiB = 2.29402773542, Bin_LE_128.00_MiB = 2.61435620415, Bin_LE_256.00_MiB = 1.44403241023, Bin_LE_512.00_MiB = 3.67117651394, Bin_LE_1.00_GiB = 4.37448195391, Bin_LE_4.00_GiB = 9.58682521946, Bin_LE_64.00_GiB = 30.8172400397, Bin_LE_128.00_GiB = 1.66190465106, Bin_LE_256.00_GiB = 13.1706558084, Bin_LE_512.00_GiB = 3.68441296644, Bin_LE_1.00_TiB = 3.98750176072, Bin_LE_4.00_TiB = 6.12325578474, Bin_GT_4.00_TiB = 13.9468151543","2018-01-23T00:45:39.310-0500","lfs-mgmt2.ccs.ornl.gov",main,1,"/data/log/splunk/default.log",syslog,"splunkindex01.ccs.ornl.gov",
"2018-01-23T00:45:39.308321-05:00 lfs-mgmt2.ccs.ornl.gov fprof.filecount.hist: Bin_LE_4.00_KiB = 90707019, Bin_LE_8.00_KiB = 16842497, Bin_LE_16.00_KiB = 14547513, Bin_LE_32.00_KiB = 14478329, Bin_LE_64.00_KiB = 19438982, Bin_LE_128.00_KiB = 9578399, Bin_LE_256.00_KiB = 21602310, Bin_LE_512.00_KiB = 8036054, Bin_LE_1.00_MiB = 35866315, Bin_LE_2.00_MiB = 10123595, Bin_LE_4.00_MiB = 12912306, Bin_LE_16.00_MiB = 10750444, Bin_LE_32.00_MiB = 2416087, Bin_LE_64.00_MiB = 4274791, Bin_LE_128.00_MiB = 2472805, Bin_LE_256.00_MiB = 621897, Bin_LE_512.00_MiB = 835462, Bin_LE_1.00_GiB = 599376, Bin_LE_4.00_GiB = 521482, Bin_LE_64.00_GiB = 362896, Bin_LE_128.00_GiB = 1745, Bin_LE_256.00_GiB = 7766, Bin_LE_512.00_GiB = 757, Bin_LE_1.00_TiB = 409, Bin_LE_4.00_TiB = 245, Bin_GT_4.00_TiB = 191","2018-01-23T00:45:39.308-0500","lfs-mgmt2.ccs.ornl.gov",main,1,"/data/log/splunk/default.log",syslog,"splunkindex01.ccs.ornl.gov",
"2018-01-23T00:45:39.295190-05:00 lfs-mgmt2.ccs.ornl.gov fprof.scan_rate: 7169","2018-01-23T00:45:39.295-0500","lfs-mgmt2.ccs.ornl.gov",main,1,"/data/log/splunk/default.log",syslog,"splunkindex01.ccs.ornl.gov",
"2018-01-23T00:45:39.295056-05:00 lfs-mgmt2.ccs.ornl.gov fprof.walktime: 13h 35m","2018-01-23T00:45:39.295-0500","lfs-mgmt2.ccs.ornl.gov",main,1,"/data/log/splunk/default.log",syslog,"splunkindex01.ccs.ornl.gov",
"2018-01-23T00:45:39.294907-05:00 lfs-mgmt2.ccs.ornl.gov fprof.avg_file_size: 33.41 MiB","2018-01-23T00:45:39.294-0500","lfs-mgmt2.ccs.ornl.gov",main,1,"/data/log/splunk/default.log",syslog,"splunkindex01.ccs.ornl.gov",
"2018-01-23T00:45:39.294779-05:00 lfs-mgmt2.ccs.ornl.gov fprof.total_file_size: 8826.33 TiB","2018-01-23T00:45:39.294-0500","lfs-mgmt2.ccs.ornl.gov",main,1,"/data/log/splunk/default.log",syslog,"splunkindex01.ccs.ornl.gov",
"2018-01-23T00:45:39.294642-05:00 lfs-mgmt2.ccs.ornl.gov fprof.file_count: 276999672","2018-01-23T00:45:39.294-0500","lfs-mgmt2.ccs.ornl.gov",main,1,"/data/log/splunk/default.log",syslog,"splunkindex01.ccs.ornl.gov",
"2018-01-23T00:45:39.294516-05:00 lfs-mgmt2.ccs.ornl.gov fprof.sym_count: 6100807","2018-01-23T00:45:39.294-0500","lfs-mgmt2.ccs.ornl.gov",main,1,"/data/log/splunk/default.log",syslog,"splunkindex01.ccs.ornl.gov",
"2018-01-23T00:45:39.294392-05:00 lfs-mgmt2.ccs.ornl.gov fprof.dir_count: 67683951","2018-01-23T00:45:39.294-0500","lfs-mgmt2.ccs.ornl.gov",main,1,"/data/log/splunk/default.log",syslog,"splunkindex01.ccs.ornl.gov",
"2018-01-23T00:45:39.294265-05:00 lfs-mgmt2.ccs.ornl.gov fprof.version: 0.16","2018-01-23T00:45:39.294-0500","lfs-mgmt2.ccs.ornl.gov",main,1,"/data/log/splunk/default.log",syslog,"splunkindex01.ccs.ornl.gov",
"2018-01-23T00:45:39.294075-05:00 lfs-mgmt2.ccs.ornl.gov fprof.rootpath: /lustre/atlas2","2018-01-23T00:45:39.294-0500","lfs-mgmt2.ccs.ornl.gov",main,1,"/data/log/splunk/default.log",syslog,"splunkindex01.ccs.ornl.gov",
"2018-01-09T01:40:29.558535-05:00 lfs-mgmt2.ccs.ornl.gov fprof.fsize_perc.hist: Bin_LE_4.00_KiB = 0.000510065233843, Bin_LE_8.00_KiB = 0.000945237684836, Bin_LE_16.00_KiB = 0.00270060112938, Bin_LE_32.00_KiB = 0.00490521270075, Bin_LE_64.00_KiB = 0.00645631069213, Bin_LE_128.00_KiB = 0.00721938130942, Bin_LE_256.00_KiB = 0.0553935531502, Bin_LE_512.00_KiB = 0.0428632022553, Bin_LE_1.00_MiB = 0.232549103503, Bin_LE_2.00_MiB = 0.42313428413, Bin_LE_4.00_MiB = 1.26259046783, Bin_LE_16.00_MiB = 6.1711965042, Bin_LE_32.00_MiB = 2.13787065711, Bin_LE_64.00_MiB = 7.67711968738, Bin_LE_128.00_MiB = 9.87271269946, Bin_LE_256.00_MiB = 2.87947438869, Bin_LE_512.00_MiB = 3.14464600964, Bin_LE_1.00_GiB = 4.8503704612, Bin_LE_4.00_GiB = 16.0251332415, Bin_LE_64.00_GiB = 28.9729156403, Bin_LE_128.00_GiB = 2.04066362572, Bin_LE_256.00_GiB = 2.99479597838, Bin_LE_512.00_GiB = 3.95812698992, Bin_LE_1.00_TiB = 3.73793002161, Bin_LE_4.00_TiB = 2.06417860047, Bin_GT_4.00_TiB = 1.43359807486","2018-01-09T01:40:29.558-0500","lfs-mgmt2.ccs.ornl.gov",main,1,"/data/log/splunk/default.log",syslog,"splunkindex01.ccs.ornl.gov",
"2018-01-09T01:40:29.558024-05:00 lfs-mgmt2.ccs.ornl.gov fprof.filecount.hist: Bin_LE_4.00_KiB = 45132908, Bin_LE_8.00_KiB = 13273008, Bin_LE_16.00_KiB = 16472764, Bin_LE_32.00_KiB = 16586910, Bin_LE_64.00_KiB = 11012085, Bin_LE_128.00_KiB = 6181426, Bin_LE_256.00_KiB = 24831610, Bin_LE_512.00_KiB = 9408229, Bin_LE_1.00_MiB = 25411323, Bin_LE_2.00_MiB = 23445923, Bin_LE_4.00_MiB = 30356056, Bin_LE_16.00_MiB = 50867213, Bin_LE_32.00_MiB = 6552164, Bin_LE_64.00_MiB = 12975684, Bin_LE_128.00_MiB = 8396879, Bin_LE_256.00_MiB = 1206909, Bin_LE_512.00_MiB = 682404, Bin_LE_1.00_GiB = 528395, Bin_LE_4.00_GiB = 717119, Bin_LE_64.00_GiB = 219465, Bin_LE_128.00_GiB = 1794, Bin_LE_256.00_GiB = 1253, Bin_LE_512.00_GiB = 752, Bin_LE_1.00_TiB = 367, Bin_LE_4.00_TiB = 90, Bin_GT_4.00_TiB = 12","2018-01-09T01:40:29.558-0500","lfs-mgmt2.ccs.ornl.gov",main,1,"/data/log/splunk/default.log",syslog,"splunkindex01.ccs.ornl.gov",
"2018-01-09T01:40:29.538729-05:00 lfs-mgmt2.ccs.ornl.gov fprof.scan_rate: 7147","2018-01-09T01:40:29.538-0500","lfs-mgmt2.ccs.ornl.gov",main,1,"/data/log/splunk/default.log",syslog,"splunkindex01.ccs.ornl.gov",
"2018-01-09T01:40:29.538618-05:00 lfs-mgmt2.ccs.ornl.gov fprof.walktime: 14h 22m","2018-01-09T01:40:29.538-0500","lfs-mgmt2.ccs.ornl.gov",main,1,"/data/log/splunk/default.log",syslog,"splunkindex01.ccs.ornl.gov",
"2018-01-09T01:40:29.538503-05:00 lfs-mgmt2.ccs.ornl.gov fprof.avg_file_size: 25.29 MiB","2018-01-09T01:40:29.538-0500","lfs-mgmt2.ccs.ornl.gov",main,1,"/data/log/splunk/default.log",syslog,"splunkindex01.ccs.ornl.gov",
"2018-01-09T01:40:29.538395-05:00 lfs-mgmt2.ccs.ornl.gov fprof.total_file_size: 7337.71 TiB","2018-01-09T01:40:29.538-0500","lfs-mgmt2.ccs.ornl.gov",main,1,"/data/log/splunk/default.log",syslog,"splunkindex01.ccs.ornl.gov",
"2018-01-09T01:40:29.538286-05:00 lfs-mgmt2.ccs.ornl.gov fprof.file_count: 304262742","2018-01-09T01:40:29.538-0500","lfs-mgmt2.ccs.ornl.gov",main,1,"/data/log/splunk/default.log",syslog,"splunkindex01.ccs.ornl.gov",
"2018-01-09T01:40:29.538179-05:00 lfs-mgmt2.ccs.ornl.gov fprof.sym_count: 10314980","2018-01-09T01:40:29.538-0500","lfs-mgmt2.ccs.ornl.gov",main,1,"/data/log/splunk/default.log",syslog,"splunkindex01.ccs.ornl.gov",
"2018-01-09T01:40:29.538063-05:00 lfs-mgmt2.ccs.ornl.gov fprof.dir_count: 55375343","2018-01-09T01:40:29.538-0500","lfs-mgmt2.ccs.ornl.gov",main,1,"/data/log/splunk/default.log",syslog,"splunkindex01.ccs.ornl.gov",
"2018-01-09T01:40:29.537947-05:00 lfs-mgmt2.ccs.ornl.gov fprof.version: 0.16","2018-01-09T01:40:29.537-0500","lfs-mgmt2.ccs.ornl.gov",main,1,"/data/log/splunk/default.log",syslog,"splunkindex01.ccs.ornl.gov",
"2018-01-09T01:40:29.537762-05:00 lfs-mgmt2.ccs.ornl.gov fprof.rootpath: /lustre/atlas1","2018-01-09T01:40:29.537-0500","lfs-mgmt2.ccs.ornl.gov",main,1,"/data/log/splunk/default.log",syslog,"splunkindex01.ccs.ornl.gov",
"2018-01-09T01:03:18.405490-05:00 lfs-mgmt2.ccs.ornl.gov fprof.fsize_perc.hist: Bin_LE_4.00_KiB = 0.00106045291582, Bin_LE_8.00_KiB = 0.00102369682669, Bin_LE_16.00_KiB = 0.00161338228317, Bin_LE_32.00_KiB = 0.00334630621778, Bin_LE_64.00_KiB = 0.00933725960575, Bin_LE_128.00_KiB = 0.00906487849954, Bin_LE_256.00_KiB = 0.0147766298399, Bin_LE_512.00_KiB = 0.0279551747667, Bin_LE_1.00_MiB = 0.286111553973, Bin_LE_2.00_MiB = 0.103954346766, Bin_LE_4.00_MiB = 0.339832243668, Bin_LE_16.00_MiB = 0.86865622487, Bin_LE_32.00_MiB = 0.620360592884, Bin_LE_64.00_MiB = 2.24373138798, Bin_LE_128.00_MiB = 2.66242832791, Bin_LE_256.00_MiB = 1.51121038237, Bin_LE_512.00_MiB = 3.6005408533, Bin_LE_1.00_GiB = 4.37514788281, Bin_LE_4.00_GiB = 6.30413806744, Bin_LE_64.00_GiB = 30.6628450185, Bin_LE_128.00_GiB = 1.53772259634, Bin_LE_256.00_GiB = 13.0838373484, Bin_LE_512.00_GiB = 3.60995112805, Bin_LE_1.00_TiB = 3.99705944752, Bin_LE_4.00_TiB = 6.6670270432, Bin_GT_4.00_TiB = 17.4572677731","2018-01-09T01:03:18.405-0500","lfs-mgmt2.ccs.ornl.gov",main,1,"/data/log/splunk/default.log",syslog,"splunkindex01.ccs.ornl.gov",
"2018-01-09T01:03:18.404818-05:00 lfs-mgmt2.ccs.ornl.gov fprof.filecount.hist: Bin_LE_4.00_KiB = 91690921, Bin_LE_8.00_KiB = 17035972, Bin_LE_16.00_KiB = 13794923, Bin_LE_32.00_KiB = 14444291, Bin_LE_64.00_KiB = 18759408, Bin_LE_128.00_KiB = 9615986, Bin_LE_256.00_KiB = 7948904, Bin_LE_512.00_KiB = 7262770, Bin_LE_1.00_MiB = 34400389, Bin_LE_2.00_MiB = 6793133, Bin_LE_4.00_MiB = 10938062, Bin_LE_16.00_MiB = 9619495, Bin_LE_32.00_MiB = 2275558, Bin_LE_64.00_MiB = 4234667, Bin_LE_128.00_MiB = 2582628, Bin_LE_256.00_MiB = 658823, Bin_LE_512.00_MiB = 838085, Bin_LE_1.00_GiB = 609268, Bin_LE_4.00_GiB = 385989, Bin_LE_64.00_GiB = 363728, Bin_LE_128.00_GiB = 1622, Bin_LE_256.00_GiB = 7800, Bin_LE_512.00_GiB = 755, Bin_LE_1.00_TiB = 416, Bin_LE_4.00_TiB = 266, Bin_GT_4.00_TiB = 260","2018-01-09T01:03:18.404-0500","lfs-mgmt2.ccs.ornl.gov",main,1,"/data/log/splunk/default.log",syslog,"splunkindex01.ccs.ornl.gov",
"2018-01-09T01:03:18.389357-05:00 lfs-mgmt2.ccs.ornl.gov fprof.scan_rate: 6591","2018-01-09T01:03:18.389-0500","lfs-mgmt2.ccs.ornl.gov",main,1,"/data/log/splunk/default.log",syslog,"splunkindex01.ccs.ornl.gov",
"2018-01-09T01:03:18.389222-05:00 lfs-mgmt2.ccs.ornl.gov fprof.walktime: 13h 50m","2018-01-09T01:03:18.389-0500","lfs-mgmt2.ccs.ornl.gov",main,1,"/data/log/splunk/default.log",syslog,"splunkindex01.ccs.ornl.gov",
"2018-01-09T01:03:18.389089-05:00 lfs-mgmt2.ccs.ornl.gov fprof.avg_file_size: 36.89 MiB","2018-01-09T01:03:18.389-0500","lfs-mgmt2.ccs.ornl.gov",main,1,"/data/log/splunk/default.log",syslog,"splunkindex01.ccs.ornl.gov",
"2018-01-09T01:03:18.388973-05:00 lfs-mgmt2.ccs.ornl.gov fprof.total_file_size: 8945.20 TiB","2018-01-09T01:03:18.388-0500","lfs-mgmt2.ccs.ornl.gov",main,1,"/data/log/splunk/default.log",syslog,"splunkindex01.ccs.ornl.gov",
"2018-01-09T01:03:18.388864-05:00 lfs-mgmt2.ccs.ornl.gov fprof.file_count: 254264119","2018-01-09T01:03:18.388-0500","lfs-mgmt2.ccs.ornl.gov",main,1,"/data/log/splunk/default.log",syslog,"splunkindex01.ccs.ornl.gov",
"2018-01-09T01:03:18.388743-05:00 lfs-mgmt2.ccs.ornl.gov fprof.sym_count: 6130793","2018-01-09T01:03:18.388-0500","lfs-mgmt2.ccs.ornl.gov",main,1,"/data/log/splunk/default.log",syslog,"splunkindex01.ccs.ornl.gov",
"2018-01-09T01:03:18.388618-05:00 lfs-mgmt2.ccs.ornl.gov fprof.dir_count: 68110104","2018-01-09T01:03:18.388-0500","lfs-mgmt2.ccs.ornl.gov",main,1,"/data/log/splunk/default.log",syslog,"splunkindex01.ccs.ornl.gov",
"2018-01-09T01:03:18.388488-05:00 lfs-mgmt2.ccs.ornl.gov fprof.version: 0.16","2018-01-09T01:03:18.388-0500","lfs-mgmt2.ccs.ornl.gov",main,1,"/data/log/splunk/default.log",syslog,"splunkindex01.ccs.ornl.gov",
"2018-01-09T01:03:18.388303-05:00 lfs-mgmt2.ccs.ornl.gov fprof.rootpath: /lustre/atlas2","2018-01-09T01:03:18.388-0500","lfs-mgmt2.ccs.ornl.gov",main,1,"/data/log/splunk/default.log",syslog,"splunkindex01.ccs.ornl.gov",
"2017-12-25T19:14:12.787211-05:00 lfs-mgmt2.ccs.ornl.gov fprof.fsize_perc.hist: Bin_LE_4.00_KiB = 0.000470036321611, Bin_LE_8.00_KiB = 0.000906181063613, Bin_LE_16.00_KiB = 0.00257236708055, Bin_LE_32.00_KiB = 0.00475328619174, Bin_LE_64.00_KiB = 0.00614566117838, Bin_LE_128.00_KiB = 0.00695757178512, Bin_LE_256.00_KiB = 0.0538353764463, Bin_LE_512.00_KiB = 0.0391358286142, Bin_LE_1.00_MiB = 0.175852023487, Bin_LE_2.00_MiB = 0.402803354145, Bin_LE_4.00_MiB = 1.92729216926, Bin_LE_16.00_MiB = 5.95003151072, Bin_LE_32.00_MiB = 2.36554980466, Bin_LE_64.00_MiB = 7.58471094524, Bin_LE_128.00_MiB = 9.78461572226, Bin_LE_256.00_MiB = 3.66948654923, Bin_LE_512.00_MiB = 3.39208383044, Bin_LE_1.00_GiB = 5.12979654506, Bin_LE_4.00_GiB = 15.6098022814, Bin_LE_64.00_GiB = 26.869226081, Bin_LE_128.00_GiB = 2.00395084237, Bin_LE_256.00_GiB = 3.00129127355, Bin_LE_512.00_GiB = 3.72529124129, Bin_LE_1.00_TiB = 4.7315112266, Bin_LE_4.00_TiB = 2.1663677033, Bin_GT_4.00_TiB = 1.39556058729","2017-12-25T19:14:12.787-0500","lfs-mgmt2.ccs.ornl.gov",main,1,"/data/log/splunk/default.log",syslog,"splunkindex01.ccs.ornl.gov",
"2017-12-25T19:14:12.786697-05:00 lfs-mgmt2.ccs.ornl.gov fprof.filecount.hist: Bin_LE_4.00_KiB = 43287321, Bin_LE_8.00_KiB = 13037709, Bin_LE_16.00_KiB = 16101540, Bin_LE_32.00_KiB = 16465904, Bin_LE_64.00_KiB = 10951862, Bin_LE_128.00_KiB = 6123287, Bin_LE_256.00_KiB = 24819332, Bin_LE_512.00_KiB = 8803548, Bin_LE_1.00_MiB = 20209209, Bin_LE_2.00_MiB = 23032576, Bin_LE_4.00_MiB = 46173849, Bin_LE_16.00_MiB = 50146242, Bin_LE_32.00_MiB = 7479890, Bin_LE_64.00_MiB = 13155372, Bin_LE_128.00_MiB = 8562271, Bin_LE_256.00_MiB = 1529949, Bin_LE_512.00_MiB = 758911, Bin_LE_1.00_GiB = 574810, Bin_LE_4.00_GiB = 716533, Bin_LE_64.00_GiB = 212257, Bin_LE_128.00_GiB = 1825, Bin_LE_256.00_GiB = 1292, Bin_LE_512.00_GiB = 729, Bin_LE_1.00_TiB = 486, Bin_LE_4.00_TiB = 99, Bin_GT_4.00_TiB = 12","2017-12-25T19:14:12.786-0500","lfs-mgmt2.ccs.ornl.gov",main,1,"/data/log/splunk/default.log",syslog,"splunkindex01.ccs.ornl.gov",
"2017-12-25T19:14:12.777179-05:00 lfs-mgmt2.ccs.ornl.gov fprof.scan_rate: 10242","2017-12-25T19:14:12.777-0500","lfs-mgmt2.ccs.ornl.gov",main,1,"/data/log/splunk/default.log",syslog,"splunkindex01.ccs.ornl.gov",
"2017-12-25T19:14:12.777058-05:00 lfs-mgmt2.ccs.ornl.gov fprof.walktime: 10h 14m","2017-12-25T19:14:12.777-0500","lfs-mgmt2.ccs.ornl.gov",main,1,"/data/log/splunk/default.log",syslog,"splunkindex01.ccs.ornl.gov",
"2017-12-25T19:14:12.776930-05:00 lfs-mgmt2.ccs.ornl.gov fprof.avg_file_size: 25.32 MiB","2017-12-25T19:14:12.776-0500","lfs-mgmt2.ccs.ornl.gov",main,1,"/data/log/splunk/default.log",syslog,"splunkindex01.ccs.ornl.gov",
"2017-12-25T19:14:12.776787-05:00 lfs-mgmt2.ccs.ornl.gov fprof.total_file_size: 7537.71 TiB","2017-12-25T19:14:12.776-0500","lfs-mgmt2.ccs.ornl.gov",main,1,"/data/log/splunk/default.log",syslog,"splunkindex01.ccs.ornl.gov",
"2017-12-25T19:14:12.776649-05:00 lfs-mgmt2.ccs.ornl.gov fprof.file_count: 312146815","2017-12-25T19:14:12.776-0500","lfs-mgmt2.ccs.ornl.gov",main,1,"/data/log/splunk/default.log",syslog,"splunkindex01.ccs.ornl.gov",
"2017-12-25T19:14:12.776537-05:00 lfs-mgmt2.ccs.ornl.gov fprof.sym_count: 10343232","2017-12-25T19:14:12.776-0500","lfs-mgmt2.ccs.ornl.gov",main,1,"/data/log/splunk/default.log",syslog,"splunkindex01.ccs.ornl.gov",
"2017-12-25T19:14:12.776423-05:00 lfs-mgmt2.ccs.ornl.gov fprof.dir_count: 54926529","2017-12-25T19:14:12.776-0500","lfs-mgmt2.ccs.ornl.gov",main,1,"/data/log/splunk/default.log",syslog,"splunkindex01.ccs.ornl.gov",
"2017-12-25T19:14:12.776311-05:00 lfs-mgmt2.ccs.ornl.gov fprof.version: 0.16","2017-12-25T19:14:12.776-0500","lfs-mgmt2.ccs.ornl.gov",main,1,"/data/log/splunk/default.log",syslog,"splunkindex01.ccs.ornl.gov",
"2017-12-25T19:14:12.776123-05:00 lfs-mgmt2.ccs.ornl.gov fprof.rootpath: /lustre/atlas1","2017-12-25T19:14:12.776-0500","lfs-mgmt2.ccs.ornl.gov",main,1,"/data/log/splunk/default.log",syslog,"splunkindex01.ccs.ornl.gov",
"2017-12-25T18:59:05.668042-05:00 lfs-mgmt2.ccs.ornl.gov fprof.fsize_perc.hist: Bin_LE_4.00_KiB = 0.00110745715811, Bin_LE_8.00_KiB = 0.00107190277416, Bin_LE_16.00_KiB = 0.00169460976288, Bin_LE_32.00_KiB = 0.00347454152385, Bin_LE_64.00_KiB = 0.0103002026122, Bin_LE_128.00_KiB = 0.00973306560806, Bin_LE_256.00_KiB = 0.0149783174716, Bin_LE_512.00_KiB = 0.0270784445946, Bin_LE_1.00_MiB = 0.220642295145, Bin_LE_2.00_MiB = 0.122800741857, Bin_LE_4.00_MiB = 0.315352169108, Bin_LE_16.00_MiB = 0.730285013592, Bin_LE_32.00_MiB = 0.445395647433, Bin_LE_64.00_MiB = 2.22179095092, Bin_LE_128.00_MiB = 2.66432830054, Bin_LE_256.00_MiB = 1.4891924687, Bin_LE_512.00_MiB = 3.50027565313, Bin_LE_1.00_GiB = 4.36796754279, Bin_LE_4.00_GiB = 6.72351751571, Bin_LE_64.00_GiB = 29.6592481395, Bin_LE_128.00_GiB = 1.45380780415, Bin_LE_256.00_GiB = 13.1690591708, Bin_LE_512.00_GiB = 3.67340758916, Bin_LE_1.00_TiB = 4.10952672902, Bin_LE_4.00_TiB = 6.86808606589, Bin_GT_4.00_TiB = 18.1958776611","2017-12-25T18:59:05.668-0500","lfs-mgmt2.ccs.ornl.gov",main,1,"/data/log/splunk/default.log",syslog,"splunkindex01.ccs.ornl.gov",
"2017-12-25T18:59:05.667404-05:00 lfs-mgmt2.ccs.ornl.gov fprof.filecount.hist: Bin_LE_4.00_KiB = 99805400, Bin_LE_8.00_KiB = 17754472, Bin_LE_16.00_KiB = 14455609, Bin_LE_32.00_KiB = 14871671, Bin_LE_64.00_KiB = 20620126, Bin_LE_128.00_KiB = 10149381, Bin_LE_256.00_KiB = 7753431, Bin_LE_512.00_KiB = 7258733, Bin_LE_1.00_MiB = 25310084, Bin_LE_2.00_MiB = 7876372, Bin_LE_4.00_MiB = 10227987, Bin_LE_16.00_MiB = 8296943, Bin_LE_32.00_MiB = 1663285, Bin_LE_64.00_MiB = 4180133, Bin_LE_128.00_MiB = 2571386, Bin_LE_256.00_MiB = 640971, Bin_LE_512.00_MiB = 808152, Bin_LE_1.00_GiB = 596784, Bin_LE_4.00_GiB = 402700, Bin_LE_64.00_GiB = 341820, Bin_LE_128.00_GiB = 1506, Bin_LE_256.00_GiB = 7807, Bin_LE_512.00_GiB = 766, Bin_LE_1.00_TiB = 426, Bin_LE_4.00_TiB = 273, Bin_GT_4.00_TiB = 276","2017-12-25T18:59:05.667-0500","lfs-mgmt2.ccs.ornl.gov",main,1,"/data/log/splunk/default.log",syslog,"splunkindex01.ccs.ornl.gov",
"2017-12-25T18:59:05.648867-05:00 lfs-mgmt2.ccs.ornl.gov fprof.scan_rate: 9087","2017-12-25T18:59:05.648-0500","lfs-mgmt2.ccs.ornl.gov",main,1,"/data/log/splunk/default.log",syslog,"splunkindex01.ccs.ornl.gov",
"2017-12-25T18:59:05.648717-05:00 lfs-mgmt2.ccs.ornl.gov fprof.walktime: 9h 59m","2017-12-25T18:59:05.648-0500","lfs-mgmt2.ccs.ornl.gov",main,1,"/data/log/splunk/default.log",syslog,"splunkindex01.ccs.ornl.gov",
"2017-12-25T18:59:05.648571-05:00 lfs-mgmt2.ccs.ornl.gov fprof.avg_file_size: 36.49 MiB","2017-12-25T18:59:05.648-0500","lfs-mgmt2.ccs.ornl.gov",main,1,"/data/log/splunk/default.log",syslog,"splunkindex01.ccs.ornl.gov",
"2017-12-25T18:59:05.648435-05:00 lfs-mgmt2.ccs.ornl.gov fprof.total_file_size: 8895.20 TiB","2017-12-25T18:59:05.648-0500","lfs-mgmt2.ccs.ornl.gov",main,1,"/data/log/splunk/default.log",syslog,"splunkindex01.ccs.ornl.gov",
"2017-12-25T18:59:05.648291-05:00 lfs-mgmt2.ccs.ornl.gov fprof.file_count: 255596494","2017-12-25T18:59:05.648-0500","lfs-mgmt2.ccs.ornl.gov",main,1,"/data/log/splunk/default.log",syslog,"splunkindex01.ccs.ornl.gov",
"2017-12-25T18:59:05.648153-05:00 lfs-mgmt2.ccs.ornl.gov fprof.sym_count: 6102351","2017-12-25T18:59:05.648-0500","lfs-mgmt2.ccs.ornl.gov",main,1,"/data/log/splunk/default.log",syslog,"splunkindex01.ccs.ornl.gov",
"2017-12-25T18:59:05.648039-05:00 lfs-mgmt2.ccs.ornl.gov fprof.dir_count: 64916421","2017-12-25T18:59:05.648-0500","lfs-mgmt2.ccs.ornl.gov",main,1,"/data/log/splunk/default.log",syslog,"splunkindex01.ccs.ornl.gov",
"2017-12-25T18:59:05.647834-05:00 lfs-mgmt2.ccs.ornl.gov fprof.version: 0.16","2017-12-25T18:59:05.647-0500","lfs-mgmt2.ccs.ornl.gov",main,1,"/data/log/splunk/default.log",syslog,"splunkindex01.ccs.ornl.gov",
"2017-12-25T18:59:05.647644-05:00 lfs-mgmt2.ccs.ornl.gov fprof.rootpath: /lustre/atlas2","2017-12-25T18:59:05.647-0500","lfs-mgmt2.ccs.ornl.gov",main,1,"/data/log/splunk/default.log",syslog,"splunkindex01.ccs.ornl.gov",
"2017-12-11T21:22:03.893734-05:00 lfs-mgmt2.ccs.ornl.gov fprof.fsize_perc.hist: Bin_LE_4.00_KiB = 0.000446436576707, Bin_LE_8.00_KiB = 0.000904535532324, Bin_LE_16.00_KiB = 0.00251898858036, Bin_LE_32.00_KiB = 0.0046848591519, Bin_LE_64.00_KiB = 0.00589505349743, Bin_LE_128.00_KiB = 0.00691215200284, Bin_LE_256.00_KiB = 0.0512099333851, Bin_LE_512.00_KiB = 0.0429255971095, Bin_LE_1.00_MiB = 0.17443503041, Bin_LE_2.00_MiB = 0.389398190595, Bin_LE_4.00_MiB = 1.84949043301, Bin_LE_16.00_MiB = 5.78315329932, Bin_LE_32.00_MiB = 2.29166709664, Bin_LE_64.00_MiB = 7.54874459132, Bin_LE_128.00_MiB = 9.762603888, Bin_LE_256.00_MiB = 4.741173686, Bin_LE_512.00_MiB = 3.13761290076, Bin_LE_1.00_GiB = 5.61006259704, Bin_LE_4.00_GiB = 15.3281650843, Bin_LE_64.00_GiB = 27.2100269554, Bin_LE_128.00_GiB = 1.953103986, Bin_LE_256.00_GiB = 2.9891238143, Bin_LE_512.00_GiB = 3.21749251328, Bin_LE_1.00_TiB = 4.56182692526, Bin_LE_4.00_TiB = 1.95188546041, Bin_GT_4.00_TiB = 1.38453599214","2017-12-11T21:22:03.893-0500","lfs-mgmt2.ccs.ornl.gov",main,1,"/data/log/splunk/default.log",syslog,"splunkindex01.ccs.ornl.gov",
"2017-12-11T21:22:03.893210-05:00 lfs-mgmt2.ccs.ornl.gov fprof.filecount.hist: Bin_LE_4.00_KiB = 41814844, Bin_LE_8.00_KiB = 13068418, Bin_LE_16.00_KiB = 15856981, Bin_LE_32.00_KiB = 16361359, Bin_LE_64.00_KiB = 10719301, Bin_LE_128.00_KiB = 6099483, Bin_LE_256.00_KiB = 23938579, Bin_LE_512.00_KiB = 9471412, Bin_LE_1.00_MiB = 20481577, Bin_LE_2.00_MiB = 22454727, Bin_LE_4.00_MiB = 44584678, Bin_LE_16.00_MiB = 49362613, Bin_LE_32.00_MiB = 7308697, Bin_LE_64.00_MiB = 13206612, Bin_LE_128.00_MiB = 8610454, Bin_LE_256.00_MiB = 1870398, Bin_LE_512.00_MiB = 717503, Bin_LE_1.00_GiB = 625029, Bin_LE_4.00_GiB = 725073, Bin_LE_64.00_GiB = 204400, Bin_LE_128.00_GiB = 1794, Bin_LE_256.00_GiB = 1298, Bin_LE_512.00_GiB = 631, Bin_LE_1.00_TiB = 476, Bin_LE_4.00_TiB = 93, Bin_GT_4.00_TiB = 12","2017-12-11T21:22:03.893-0500","lfs-mgmt2.ccs.ornl.gov",main,1,"/data/log/splunk/default.log",syslog,"splunkindex01.ccs.ornl.gov",
"2017-12-11T21:22:03.876131-05:00 lfs-mgmt2.ccs.ornl.gov fprof.scan_rate: 8364","2017-12-11T21:22:03.876-0500","lfs-mgmt2.ccs.ornl.gov",main,1,"/data/log/splunk/default.log",syslog,"splunkindex01.ccs.ornl.gov",
"2017-12-11T21:22:03.876040-05:00 lfs-mgmt2.ccs.ornl.gov fprof.walktime: 12h 22m","2017-12-11T21:22:03.876-0500","lfs-mgmt2.ccs.ornl.gov",main,1,"/data/log/splunk/default.log",syslog,"splunkindex01.ccs.ornl.gov",
"2017-12-11T21:22:03.875945-05:00 lfs-mgmt2.ccs.ornl.gov fprof.avg_file_size: 25.91 MiB","2017-12-11T21:22:03.875-0500","lfs-mgmt2.ccs.ornl.gov",main,1,"/data/log/splunk/default.log",syslog,"splunkindex01.ccs.ornl.gov",
"2017-12-11T21:22:03.875839-05:00 lfs-mgmt2.ccs.ornl.gov fprof.total_file_size: 7597.73 TiB","2017-12-11T21:22:03.875-0500","lfs-mgmt2.ccs.ornl.gov",main,1,"/data/log/splunk/default.log",syslog,"splunkindex01.ccs.ornl.gov",
"2017-12-11T21:22:03.875747-05:00 lfs-mgmt2.ccs.ornl.gov fprof.file_count: 307486442","2017-12-11T21:22:03.875-0500","lfs-mgmt2.ccs.ornl.gov",main,1,"/data/log/splunk/default.log",syslog,"splunkindex01.ccs.ornl.gov",
"2017-12-11T21:22:03.875648-05:00 lfs-mgmt2.ccs.ornl.gov fprof.sym_count: 10374152","2017-12-11T21:22:03.875-0500","lfs-mgmt2.ccs.ornl.gov",main,1,"/data/log/splunk/default.log",syslog,"splunkindex01.ccs.ornl.gov",
"2017-12-11T21:22:03.875553-05:00 lfs-mgmt2.ccs.ornl.gov fprof.dir_count: 54530106","2017-12-11T21:22:03.875-0500","lfs-mgmt2.ccs.ornl.gov",main,1,"/data/log/splunk/default.log",syslog,"splunkindex01.ccs.ornl.gov",
"2017-12-11T21:22:03.875450-05:00 lfs-mgmt2.ccs.ornl.gov fprof.version: 0.16","2017-12-11T21:22:03.875-0500","lfs-mgmt2.ccs.ornl.gov",main,1,"/data/log/splunk/default.log",syslog,"splunkindex01.ccs.ornl.gov",
"2017-12-11T21:22:03.875271-05:00 lfs-mgmt2.ccs.ornl.gov fprof.rootpath: /lustre/atlas1","2017-12-11T21:22:03.875-0500","lfs-mgmt2.ccs.ornl.gov",main,1,"/data/log/splunk/default.log",syslog,"splunkindex01.ccs.ornl.gov",
"2017-12-11T17:47:22.071046-05:00 lfs-mgmt2.ccs.ornl.gov fprof.fsize_perc.hist: Bin_LE_4.00_KiB = 0.00106057594225, Bin_LE_8.00_KiB = 0.00111168433501, Bin_LE_16.00_KiB = 0.00177378246712, Bin_LE_32.00_KiB = 0.00345801826838, Bin_LE_64.00_KiB = 0.00995729434453, Bin_LE_128.00_KiB = 0.00889388668444, Bin_LE_256.00_KiB = 0.0142488002944, Bin_LE_512.00_KiB = 0.0262559410797, Bin_LE_1.00_MiB = 0.217526670069, Bin_LE_2.00_MiB = 0.131396915291, Bin_LE_4.00_MiB = 0.289873821695, Bin_LE_16.00_MiB = 0.688907587556, Bin_LE_32.00_MiB = 0.377910775084, Bin_LE_64.00_MiB = 2.15520841907, Bin_LE_128.00_MiB = 6.20544781212, Bin_LE_256.00_MiB = 1.77763589336, Bin_LE_512.00_MiB = 3.72243930469, Bin_LE_1.00_GiB = 3.98525537441, Bin_LE_4.00_GiB = 5.93045920492, Bin_LE_64.00_GiB = 27.2634693722, Bin_LE_128.00_GiB = 1.69544913636, Bin_LE_256.00_GiB = 13.4105313663, Bin_LE_512.00_GiB = 3.67564613999, Bin_LE_1.00_TiB = 4.23128839231, Bin_LE_4.00_TiB = 6.61543539496, Bin_GT_4.00_TiB = 17.5593584362","2017-12-11T17:47:22.071-0500","lfs-mgmt2.ccs.ornl.gov",main,1,"/data/log/splunk/default.log",syslog,"splunkindex01.ccs.ornl.gov",
"2017-12-11T17:47:22.070471-05:00 lfs-mgmt2.ccs.ornl.gov fprof.filecount.hist: Bin_LE_4.00_KiB = 92130574, Bin_LE_8.00_KiB = 18514582, Bin_LE_16.00_KiB = 15430089, Bin_LE_32.00_KiB = 14948609, Bin_LE_64.00_KiB = 20177697, Bin_LE_128.00_KiB = 9447912, Bin_LE_256.00_KiB = 7432866, Bin_LE_512.00_KiB = 7117685, Bin_LE_1.00_MiB = 25128515, Bin_LE_2.00_MiB = 8428717, Bin_LE_4.00_MiB = 9673379, Bin_LE_16.00_MiB = 8101943, Bin_LE_32.00_MiB = 1518335, Bin_LE_64.00_MiB = 4085290, Bin_LE_128.00_MiB = 5735910, Bin_LE_256.00_MiB = 752889, Bin_LE_512.00_MiB = 859449, Bin_LE_1.00_GiB = 560478, Bin_LE_4.00_GiB = 367001, Bin_LE_64.00_GiB = 310237, Bin_LE_128.00_GiB = 1814, Bin_LE_256.00_GiB = 8056, Bin_LE_512.00_GiB = 774, Bin_LE_1.00_TiB = 444, Bin_LE_4.00_TiB = 270, Bin_GT_4.00_TiB = 272","2017-12-11T17:47:22.070-0500","lfs-mgmt2.ccs.ornl.gov",main,1,"/data/log/splunk/default.log",syslog,"splunkindex01.ccs.ornl.gov",
"2017-12-11T17:47:22.060081-05:00 lfs-mgmt2.ccs.ornl.gov fprof.scan_rate: 10149","2017-12-11T17:47:22.060-0500","lfs-mgmt2.ccs.ornl.gov",main,1,"/data/log/splunk/default.log",syslog,"splunkindex01.ccs.ornl.gov",
"2017-12-11T17:47:22.059977-05:00 lfs-mgmt2.ccs.ornl.gov fprof.walktime: 8h 47m","2017-12-11T17:47:22.059-0500","lfs-mgmt2.ccs.ornl.gov",main,1,"/data/log/splunk/default.log",syslog,"splunkindex01.ccs.ornl.gov",
"2017-12-11T17:47:22.059851-05:00 lfs-mgmt2.ccs.ornl.gov fprof.avg_file_size: 37.56 MiB","2017-12-11T17:47:22.059-0500","lfs-mgmt2.ccs.ornl.gov",main,1,"/data/log/splunk/default.log",syslog,"splunkindex01.ccs.ornl.gov",
"2017-12-11T17:47:22.059726-05:00 lfs-mgmt2.ccs.ornl.gov fprof.total_file_size: 8980.79 TiB","2017-12-11T17:47:22.059-0500","lfs-mgmt2.ccs.ornl.gov",main,1,"/data/log/splunk/default.log",syslog,"splunkindex01.ccs.ornl.gov",
"2017-12-11T17:47:22.059605-05:00 lfs-mgmt2.ccs.ornl.gov fprof.file_count: 250733787","2017-12-11T17:47:22.059-0500","lfs-mgmt2.ccs.ornl.gov",main,1,"/data/log/splunk/default.log",syslog,"splunkindex01.ccs.ornl.gov",
"2017-12-11T17:47:22.059484-05:00 lfs-mgmt2.ccs.ornl.gov fprof.sym_count: 5977884","2017-12-11T17:47:22.059-0500","lfs-mgmt2.ccs.ornl.gov",main,1,"/data/log/splunk/default.log",syslog,"splunkindex01.ccs.ornl.gov",
"2017-12-11T17:47:22.059380-05:00 lfs-mgmt2.ccs.ornl.gov fprof.dir_count: 64391870","2017-12-11T17:47:22.059-0500","lfs-mgmt2.ccs.ornl.gov",main,1,"/data/log/splunk/default.log",syslog,"splunkindex01.ccs.ornl.gov",
"2017-12-11T17:47:22.059257-05:00 lfs-mgmt2.ccs.ornl.gov fprof.version: 0.16","2017-12-11T17:47:22.059-0500","lfs-mgmt2.ccs.ornl.gov",main,1,"/data/log/splunk/default.log",syslog,"splunkindex01.ccs.ornl.gov",
"2017-12-11T17:47:22.059118-05:00 lfs-mgmt2.ccs.ornl.gov fprof.rootpath: /lustre/atlas2","2017-12-11T17:47:22.059-0500","lfs-mgmt2.ccs.ornl.gov",main,1,"/data/log/splunk/default.log",syslog,"splunkindex01.ccs.ornl.gov",
"2017-11-28T01:57:13.294632-05:00 lfs-mgmt2.ccs.ornl.gov fprof.fsize_perc.hist: Bin_LE_4.00_KiB = 0.00120351662006, Bin_LE_8.00_KiB = 0.00120080618635, Bin_LE_16.00_KiB = 0.00176206791454, Bin_LE_32.00_KiB = 0.00357301513117, Bin_LE_64.00_KiB = 0.00936909534694, Bin_LE_128.00_KiB = 0.0086737679757, Bin_LE_256.00_KiB = 0.0127424700542, Bin_LE_512.00_KiB = 0.0253160936058, Bin_LE_1.00_MiB = 0.268492816391, Bin_LE_2.00_MiB = 0.14159297399, Bin_LE_4.00_MiB = 0.304639394835, Bin_LE_16.00_MiB = 0.73271673187, Bin_LE_32.00_MiB = 0.314179587086, Bin_LE_64.00_MiB = 2.18988031961, Bin_LE_128.00_MiB = 6.37089757688, Bin_LE_256.00_MiB = 1.72881880145, Bin_LE_512.00_MiB = 3.88846615661, Bin_LE_1.00_GiB = 4.13059387819, Bin_LE_4.00_GiB = 6.23430034374, Bin_LE_64.00_GiB = 27.4466914351, Bin_LE_128.00_GiB = 1.69078588545, Bin_LE_256.00_GiB = 13.8163704952, Bin_LE_512.00_GiB = 3.66747293008, Bin_LE_1.00_TiB = 3.99032789338, Bin_LE_4.00_TiB = 5.94139256878, Bin_GT_4.00_TiB = 17.0785393786","2017-11-28T01:57:13.294-0500","lfs-mgmt2.ccs.ornl.gov",main,1,"/data/log/splunk/default.log",syslog,"splunkindex01.ccs.ornl.gov",
"2017-11-28T01:57:13.294081-05:00 lfs-mgmt2.ccs.ornl.gov fprof.filecount.hist: Bin_LE_4.00_KiB = 97655334, Bin_LE_8.00_KiB = 19317665, Bin_LE_16.00_KiB = 14554804, Bin_LE_32.00_KiB = 14857898, Bin_LE_64.00_KiB = 18216243, Bin_LE_128.00_KiB = 8885445, Bin_LE_256.00_KiB = 6373082, Bin_LE_512.00_KiB = 6562904, Bin_LE_1.00_MiB = 29811323, Bin_LE_2.00_MiB = 8773612, Bin_LE_4.00_MiB = 9955646, Bin_LE_16.00_MiB = 8396059, Bin_LE_32.00_MiB = 1212142, Bin_LE_64.00_MiB = 3997732, Bin_LE_128.00_MiB = 5650144, Bin_LE_256.00_MiB = 708962, Bin_LE_512.00_MiB = 862928, Bin_LE_1.00_GiB = 558339, Bin_LE_4.00_GiB = 366859, Bin_LE_64.00_GiB = 282176, Bin_LE_128.00_GiB = 1742, Bin_LE_256.00_GiB = 7965, Bin_LE_512.00_GiB = 738, Bin_LE_1.00_TiB = 401, Bin_LE_4.00_TiB = 230, Bin_GT_4.00_TiB = 256","2017-11-28T01:57:13.294-0500","lfs-mgmt2.ccs.ornl.gov",main,1,"/data/log/splunk/default.log",syslog,"splunkindex01.ccs.ornl.gov",
"2017-11-28T01:57:13.281915-05:00 lfs-mgmt2.ccs.ornl.gov fprof.scan_rate: 5419","2017-11-28T01:57:13.281-0500","lfs-mgmt2.ccs.ornl.gov",main,1,"/data/log/splunk/default.log",syslog,"splunkindex01.ccs.ornl.gov",
"2017-11-28T01:57:13.281799-05:00 lfs-mgmt2.ccs.ornl.gov fprof.walktime: 16h 46m","2017-11-28T01:57:13.281-0500","lfs-mgmt2.ccs.ornl.gov",main,1,"/data/log/splunk/default.log",syslog,"splunkindex01.ccs.ornl.gov",
"2017-11-28T01:57:13.281688-05:00 lfs-mgmt2.ccs.ornl.gov fprof.avg_file_size: 35.21 MiB","2017-11-28T01:57:13.281-0500","lfs-mgmt2.ccs.ornl.gov",main,1,"/data/log/splunk/default.log",syslog,"splunkindex01.ccs.ornl.gov",
"2017-11-28T01:57:13.281576-05:00 lfs-mgmt2.ccs.ornl.gov fprof.total_file_size: 8630.44 TiB","2017-11-28T01:57:13.281-0500","lfs-mgmt2.ccs.ornl.gov",main,1,"/data/log/splunk/default.log",syslog,"splunkindex01.ccs.ornl.gov",
"2017-11-28T01:57:13.281470-05:00 lfs-mgmt2.ccs.ornl.gov fprof.file_count: 257010629","2017-11-28T01:57:13.281-0500","lfs-mgmt2.ccs.ornl.gov",main,1,"/data/log/splunk/default.log",syslog,"splunkindex01.ccs.ornl.gov",
"2017-11-28T01:57:13.281350-05:00 lfs-mgmt2.ccs.ornl.gov fprof.sym_count: 6461294","2017-11-28T01:57:13.281-0500","lfs-mgmt2.ccs.ornl.gov",main,1,"/data/log/splunk/default.log",syslog,"splunkindex01.ccs.ornl.gov",
"2017-11-28T01:57:13.281235-05:00 lfs-mgmt2.ccs.ornl.gov fprof.dir_count: 63824486","2017-11-28T01:57:13.281-0500","lfs-mgmt2.ccs.ornl.gov",main,1,"/data/log/splunk/default.log",syslog,"splunkindex01.ccs.ornl.gov",
"2017-11-28T01:57:13.281114-05:00 lfs-mgmt2.ccs.ornl.gov fprof.version: 0.16","2017-11-28T01:57:13.281-0500","lfs-mgmt2.ccs.ornl.gov",main,1,"/data/log/splunk/default.log",syslog,"splunkindex01.ccs.ornl.gov",
"2017-11-28T01:57:13.280943-05:00 lfs-mgmt2.ccs.ornl.gov fprof.rootpath: /lustre/atlas2","2017-11-28T01:57:13.280-0500","lfs-mgmt2.ccs.ornl.gov",main,1,"/data/log/splunk/default.log",syslog,"splunkindex01.ccs.ornl.gov",
"2017-11-27T19:37:15.261448-05:00 lfs-mgmt2.ccs.ornl.gov fprof.fsize_perc.hist: Bin_LE_4.00_KiB = 0.000402153206702, Bin_LE_8.00_KiB = 0.000762302576038, Bin_LE_16.00_KiB = 0.00175510568806, Bin_LE_32.00_KiB = 0.00385760105071, Bin_LE_64.00_KiB = 0.00543158051274, Bin_LE_128.00_KiB = 0.00577037138207, Bin_LE_256.00_KiB = 0.0430093141237, Bin_LE_512.00_KiB = 0.0359813601521, Bin_LE_1.00_MiB = 0.153921343123, Bin_LE_2.00_MiB = 0.334021219611, Bin_LE_4.00_MiB = 1.57825993919, Bin_LE_16.00_MiB = 5.03806981678, Bin_LE_32.00_MiB = 1.96937029104, Bin_LE_64.00_MiB = 6.23772923312, Bin_LE_128.00_MiB = 19.9197766352, Bin_LE_256.00_MiB = 4.37326716927, Bin_LE_512.00_MiB = 2.81635999046, Bin_LE_1.00_GiB = 7.42763170323, Bin_LE_4.00_GiB = 12.5902819765, Bin_LE_64.00_GiB = 21.6796651972, Bin_LE_128.00_GiB = 1.77780229279, Bin_LE_256.00_GiB = 2.77698431681, Bin_LE_512.00_GiB = 2.64300895609, Bin_LE_1.00_TiB = 5.70135452351, Bin_LE_4.00_TiB = 1.69363063319, Bin_GT_4.00_TiB = 1.19189497426","2017-11-27T19:37:15.261-0500","lfs-mgmt2.ccs.ornl.gov",main,1,"/data/log/splunk/default.log",syslog,"splunkindex01.ccs.ornl.gov",
"2017-11-27T19:37:15.260830-05:00 lfs-mgmt2.ccs.ornl.gov fprof.filecount.hist: Bin_LE_4.00_KiB = 43002050, Bin_LE_8.00_KiB = 12772657, Bin_LE_16.00_KiB = 13333350, Bin_LE_32.00_KiB = 15518047, Bin_LE_64.00_KiB = 11392932, Bin_LE_128.00_KiB = 5978941, Bin_LE_256.00_KiB = 23412424, Bin_LE_512.00_KiB = 9171703, Bin_LE_1.00_MiB = 19611672, Bin_LE_2.00_MiB = 22367834, Bin_LE_4.00_MiB = 44196206, Bin_LE_16.00_MiB = 49887110, Bin_LE_32.00_MiB = 7305592, Bin_LE_64.00_MiB = 12649448, Bin_LE_128.00_MiB = 18584583, Bin_LE_256.00_MiB = 1922469, Bin_LE_512.00_MiB = 748746, Bin_LE_1.00_GiB = 920860, Bin_LE_4.00_GiB = 691389, Bin_LE_64.00_GiB = 185051, Bin_LE_128.00_GiB = 1926, Bin_LE_256.00_GiB = 1425, Bin_LE_512.00_GiB = 595, Bin_LE_1.00_TiB = 716, Bin_LE_4.00_TiB = 95, Bin_GT_4.00_TiB = 12","2017-11-27T19:37:15.260-0500","lfs-mgmt2.ccs.ornl.gov",main,1,"/data/log/splunk/default.log",syslog,"splunkindex01.ccs.ornl.gov",
"2017-11-27T19:37:15.238564-05:00 lfs-mgmt2.ccs.ornl.gov fprof.scan_rate: 9893","2017-11-27T19:37:15.238-0500","lfs-mgmt2.ccs.ornl.gov",main,1,"/data/log/splunk/default.log",syslog,"splunkindex01.ccs.ornl.gov",
"2017-11-27T19:37:15.238461-05:00 lfs-mgmt2.ccs.ornl.gov fprof.walktime: 10h 37m","2017-11-27T19:37:15.238-0500","lfs-mgmt2.ccs.ornl.gov",main,1,"/data/log/splunk/default.log",syslog,"splunkindex01.ccs.ornl.gov",
"2017-11-27T19:37:15.238357-05:00 lfs-mgmt2.ccs.ornl.gov fprof.avg_file_size: 29.50 MiB","2017-11-27T19:37:15.238-0500","lfs-mgmt2.ccs.ornl.gov",main,1,"/data/log/splunk/default.log",syslog,"splunkindex01.ccs.ornl.gov",
"2017-11-27T19:37:15.238249-05:00 lfs-mgmt2.ccs.ornl.gov fprof.total_file_size: 8825.72 TiB","2017-11-27T19:37:15.238-0500","lfs-mgmt2.ccs.ornl.gov",main,1,"/data/log/splunk/default.log",syslog,"splunkindex01.ccs.ornl.gov",
"2017-11-27T19:37:15.238146-05:00 lfs-mgmt2.ccs.ornl.gov fprof.file_count: 313657833","2017-11-27T19:37:15.238-0500","lfs-mgmt2.ccs.ornl.gov",main,1,"/data/log/splunk/default.log",syslog,"splunkindex01.ccs.ornl.gov",
"2017-11-27T19:37:15.238041-05:00 lfs-mgmt2.ccs.ornl.gov fprof.sym_count: 10242556","2017-11-27T19:37:15.238-0500","lfs-mgmt2.ccs.ornl.gov",main,1,"/data/log/splunk/default.log",syslog,"splunkindex01.ccs.ornl.gov",
"2017-11-27T19:37:15.237933-05:00 lfs-mgmt2.ccs.ornl.gov fprof.dir_count: 54286544","2017-11-27T19:37:15.237-0500","lfs-mgmt2.ccs.ornl.gov",main,1,"/data/log/splunk/default.log",syslog,"splunkindex01.ccs.ornl.gov",
"2017-11-27T19:37:15.237801-05:00 lfs-mgmt2.ccs.ornl.gov fprof.version: 0.16","2017-11-27T19:37:15.237-0500","lfs-mgmt2.ccs.ornl.gov",main,1,"/data/log/splunk/default.log",syslog,"splunkindex01.ccs.ornl.gov",
"2017-11-27T19:37:15.237644-05:00 lfs-mgmt2.ccs.ornl.gov fprof.rootpath: /lustre/atlas1","2017-11-27T19:37:15.237-0500","lfs-mgmt2.ccs.ornl.gov",main,1,"/data/log/splunk/default.log",syslog,"splunkindex01.ccs.ornl.gov",
"2017-11-13T19:59:45.820967-05:00 lfs-mgmt2.ccs.ornl.gov fprof.fsize_perc.hist: Bin_LE_4.00_KiB = 0.000466922682608, Bin_LE_8.00_KiB = 0.000828026065772, Bin_LE_16.00_KiB = 0.00174992130617, Bin_LE_32.00_KiB = 0.0104637964436, Bin_LE_64.00_KiB = 0.00632980706524, Bin_LE_128.00_KiB = 0.00607277796673, Bin_LE_256.00_KiB = 0.0457214259985, Bin_LE_512.00_KiB = 0.0381120895409, Bin_LE_1.00_MiB = 0.198344890668, Bin_LE_2.00_MiB = 0.35351954522, Bin_LE_4.00_MiB = 1.70098238803, Bin_LE_16.00_MiB = 5.58105388338, Bin_LE_32.00_MiB = 1.50270649095, Bin_LE_64.00_MiB = 3.18103941471, Bin_LE_128.00_MiB = 18.8164701178, Bin_LE_256.00_MiB = 5.59729268646, Bin_LE_512.00_MiB = 3.22085917711, Bin_LE_1.00_GiB = 5.1983104649, Bin_LE_4.00_GiB = 13.6934780945, Bin_LE_64.00_GiB = 23.6353079281, Bin_LE_128.00_GiB = 1.90314060814, Bin_LE_256.00_GiB = 3.10809367549, Bin_LE_512.00_GiB = 2.36220484836, Bin_LE_1.00_TiB = 6.75350715431, Bin_LE_4.00_TiB = 1.78356906285, Bin_GT_4.00_TiB = 1.30037480196","2017-11-13T19:59:45.820-0500","lfs-mgmt2.ccs.ornl.gov",main,1,"/data/log/splunk/default.log",syslog,"splunkindex01.ccs.ornl.gov",
"2017-11-13T19:59:45.820452-05:00 lfs-mgmt2.ccs.ornl.gov fprof.filecount.hist: Bin_LE_4.00_KiB = 43465376, Bin_LE_8.00_KiB = 12780542, Bin_LE_16.00_KiB = 12382655, Bin_LE_32.00_KiB = 44116522, Bin_LE_64.00_KiB = 12177045, Bin_LE_128.00_KiB = 5780825, Bin_LE_256.00_KiB = 22808032, Bin_LE_512.00_KiB = 8888103, Bin_LE_1.00_MiB = 24794076, Bin_LE_2.00_MiB = 21584550, Bin_LE_4.00_MiB = 43649271, Bin_LE_16.00_MiB = 50383903, Bin_LE_32.00_MiB = 5391505, Bin_LE_64.00_MiB = 5759387, Bin_LE_128.00_MiB = 15685765, Bin_LE_256.00_MiB = 2177527, Bin_LE_512.00_MiB = 776305, Bin_LE_1.00_GiB = 603533, Bin_LE_4.00_GiB = 673229, Bin_LE_64.00_GiB = 170527, Bin_LE_128.00_GiB = 1880, Bin_LE_256.00_GiB = 1457, Bin_LE_512.00_GiB = 484, Bin_LE_1.00_TiB = 790, Bin_LE_4.00_TiB = 92, Bin_GT_4.00_TiB = 12","2017-11-13T19:59:45.820-0500","lfs-mgmt2.ccs.ornl.gov",main,1,"/data/log/splunk/default.log",syslog,"splunkindex01.ccs.ornl.gov",
"2017-11-13T19:59:45.797233-05:00 lfs-mgmt2.ccs.ornl.gov fprof.scan_rate: 9826","2017-11-13T19:59:45.797-0500","lfs-mgmt2.ccs.ornl.gov",main,1,"/data/log/splunk/default.log",syslog,"splunkindex01.ccs.ornl.gov",
"2017-11-13T19:59:45.797134-05:00 lfs-mgmt2.ccs.ornl.gov fprof.walktime: 10h 59m","2017-11-13T19:59:45.797-0500","lfs-mgmt2.ccs.ornl.gov",main,1,"/data/log/splunk/default.log",syslog,"splunkindex01.ccs.ornl.gov",
"2017-11-13T19:59:45.797036-05:00 lfs-mgmt2.ccs.ornl.gov fprof.avg_file_size: 25.39 MiB","2017-11-13T19:59:45.797-0500","lfs-mgmt2.ccs.ornl.gov",main,1,"/data/log/splunk/default.log",syslog,"splunkindex01.ccs.ornl.gov",
"2017-11-13T19:59:45.796936-05:00 lfs-mgmt2.ccs.ornl.gov fprof.total_file_size: 8089.46 TiB","2017-11-13T19:59:45.796-0500","lfs-mgmt2.ccs.ornl.gov",main,1,"/data/log/splunk/default.log",syslog,"splunkindex01.ccs.ornl.gov",
"2017-11-13T19:59:45.796830-05:00 lfs-mgmt2.ccs.ornl.gov fprof.file_count: 334053393","2017-11-13T19:59:45.796-0500","lfs-mgmt2.ccs.ornl.gov",main,1,"/data/log/splunk/default.log",syslog,"splunkindex01.ccs.ornl.gov",
"2017-11-13T19:59:45.796726-05:00 lfs-mgmt2.ccs.ornl.gov fprof.sym_count: 906781","2017-11-13T19:59:45.796-0500","lfs-mgmt2.ccs.ornl.gov",main,1,"/data/log/splunk/default.log",syslog,"splunkindex01.ccs.ornl.gov",
"2017-11-13T19:59:45.796625-05:00 lfs-mgmt2.ccs.ornl.gov fprof.dir_count: 53999824","2017-11-13T19:59:45.796-0500","lfs-mgmt2.ccs.ornl.gov",main,1,"/data/log/splunk/default.log",syslog,"splunkindex01.ccs.ornl.gov",
"2017-11-13T19:59:45.796518-05:00 lfs-mgmt2.ccs.ornl.gov fprof.version: 0.16","2017-11-13T19:59:45.796-0500","lfs-mgmt2.ccs.ornl.gov",main,1,"/data/log/splunk/default.log",syslog,"splunkindex01.ccs.ornl.gov",
"2017-11-13T19:59:45.796240-05:00 lfs-mgmt2.ccs.ornl.gov fprof.rootpath: /lustre/atlas1","2017-11-13T19:59:45.796-0500","lfs-mgmt2.ccs.ornl.gov",main,1,"/data/log/splunk/default.log",syslog,"splunkindex01.ccs.ornl.gov",
"2017-11-13T19:46:15.882178-05:00 lfs-mgmt2.ccs.ornl.gov fprof.fsize_perc.hist: Bin_LE_4.00_KiB = 0.00114198006865, Bin_LE_8.00_KiB = 0.00107014266434, Bin_LE_16.00_KiB = 0.00162210899688, Bin_LE_32.00_KiB = 0.00331231252623, Bin_LE_64.00_KiB = 0.00875708174677, Bin_LE_128.00_KiB = 0.00830865414268, Bin_LE_256.00_KiB = 0.0110866940282, Bin_LE_512.00_KiB = 0.023624349872, Bin_LE_1.00_MiB = 0.223706496918, Bin_LE_2.00_MiB = 0.133055407432, Bin_LE_4.00_MiB = 0.284504638165, Bin_LE_16.00_MiB = 0.714635420821, Bin_LE_32.00_MiB = 0.372892117402, Bin_LE_64.00_MiB = 2.07738738085, Bin_LE_128.00_MiB = 5.0482633174, Bin_LE_256.00_MiB = 1.77639263265, Bin_LE_512.00_MiB = 3.76160066512, Bin_LE_1.00_GiB = 4.29007084808, Bin_LE_4.00_GiB = 7.94001670636, Bin_LE_64.00_GiB = 30.7553205142, Bin_LE_128.00_GiB = 1.52152435325, Bin_LE_256.00_GiB = 12.8591735046, Bin_LE_512.00_GiB = 3.41169882813, Bin_LE_1.00_TiB = 3.30167372022, Bin_LE_4.00_TiB = 5.5907454023, Bin_GT_4.00_TiB = 15.878414722","2017-11-13T19:46:15.882-0500","lfs-mgmt2.ccs.ornl.gov",main,1,"/data/log/splunk/default.log",syslog,"splunkindex01.ccs.ornl.gov",
"2017-11-13T19:46:15.881543-05:00 lfs-mgmt2.ccs.ornl.gov fprof.filecount.hist: Bin_LE_4.00_KiB = 100858760, Bin_LE_8.00_KiB = 18561197, Bin_LE_16.00_KiB = 14403353, Bin_LE_32.00_KiB = 14806086, Bin_LE_64.00_KiB = 18297684, Bin_LE_128.00_KiB = 9161883, Bin_LE_256.00_KiB = 6050746, Bin_LE_512.00_KiB = 6571812, Bin_LE_1.00_MiB = 26995164, Bin_LE_2.00_MiB = 8789873, Bin_LE_4.00_MiB = 10146635, Bin_LE_16.00_MiB = 9112515, Bin_LE_32.00_MiB = 1512595, Bin_LE_64.00_MiB = 4086997, Bin_LE_128.00_MiB = 4782331, Bin_LE_256.00_MiB = 809963, Bin_LE_512.00_MiB = 907024, Bin_LE_1.00_GiB = 618027, Bin_LE_4.00_GiB = 489340, Bin_LE_64.00_GiB = 355123, Bin_LE_128.00_GiB = 1687, Bin_LE_256.00_GiB = 7972, Bin_LE_512.00_GiB = 738, Bin_LE_1.00_TiB = 361, Bin_LE_4.00_TiB = 234, Bin_GT_4.00_TiB = 256","2017-11-13T19:46:15.881-0500","lfs-mgmt2.ccs.ornl.gov",main,1,"/data/log/splunk/default.log",syslog,"splunkindex01.ccs.ornl.gov",
"2017-11-13T19:46:15.863552-05:00 lfs-mgmt2.ccs.ornl.gov fprof.scan_rate: 8494","2017-11-13T19:46:15.863-0500","lfs-mgmt2.ccs.ornl.gov",main,1,"/data/log/splunk/default.log",syslog,"splunkindex01.ccs.ornl.gov",
"2017-11-13T19:46:15.863456-05:00 lfs-mgmt2.ccs.ornl.gov fprof.walktime: 10h 46m","2017-11-13T19:46:15.863-0500","lfs-mgmt2.ccs.ornl.gov",main,1,"/data/log/splunk/default.log",syslog,"splunkindex01.ccs.ornl.gov",
"2017-11-13T19:46:15.863363-05:00 lfs-mgmt2.ccs.ornl.gov fprof.avg_file_size: 37.83 MiB","2017-11-13T19:46:15.863-0500","lfs-mgmt2.ccs.ornl.gov",main,1,"/data/log/splunk/default.log",syslog,"splunkindex01.ccs.ornl.gov",
"2017-11-13T19:46:15.863269-05:00 lfs-mgmt2.ccs.ornl.gov fprof.total_file_size: 9282.74 TiB","2017-11-13T19:46:15.863-0500","lfs-mgmt2.ccs.ornl.gov",main,1,"/data/log/splunk/default.log",syslog,"splunkindex01.ccs.ornl.gov",
"2017-11-13T19:46:15.863174-05:00 lfs-mgmt2.ccs.ornl.gov fprof.file_count: 257328356","2017-11-13T19:46:15.863-0500","lfs-mgmt2.ccs.ornl.gov",main,1,"/data/log/splunk/default.log",syslog,"splunkindex01.ccs.ornl.gov",
"2017-11-13T19:46:15.863078-05:00 lfs-mgmt2.ccs.ornl.gov fprof.sym_count: 6314204","2017-11-13T19:46:15.863-0500","lfs-mgmt2.ccs.ornl.gov",main,1,"/data/log/splunk/default.log",syslog,"splunkindex01.ccs.ornl.gov",
"2017-11-13T19:46:15.862981-05:00 lfs-mgmt2.ccs.ornl.gov fprof.dir_count: 65465571","2017-11-13T19:46:15.862-0500","lfs-mgmt2.ccs.ornl.gov",main,1,"/data/log/splunk/default.log",syslog,"splunkindex01.ccs.ornl.gov",
"2017-11-13T19:46:15.862863-05:00 lfs-mgmt2.ccs.ornl.gov fprof.version: 0.16","2017-11-13T19:46:15.862-0500","lfs-mgmt2.ccs.ornl.gov",main,1,"/data/log/splunk/default.log",syslog,"splunkindex01.ccs.ornl.gov",
"2017-11-13T19:46:15.862718-05:00 lfs-mgmt2.ccs.ornl.gov fprof.rootpath: /lustre/atlas2","2017-11-13T19:46:15.862-0500","lfs-mgmt2.ccs.ornl.gov",main,1,"/data/log/splunk/default.log",syslog,"splunkindex01.ccs.ornl.gov",
